course_id,course_name,category,difficulty_level,description,prerequisites
CRS00001,Deep Learning Fundamentals,Deep Learning,Beginner,This Beginner course teaches Deep Learning concepts and practical skills.,
CRS00002,Machine Learning Fundamentals,Machine Learning,Beginner,This Beginner course teaches Machine Learning concepts and practical skills.,
CRS00003,Introduction to Data Analytics,Data Analytics,Beginner,This Beginner course teaches Data Analytics concepts and practical skills.,
CRS00004,Data Analytics Fundamentals,Data Analytics,Beginner,This Beginner course teaches Data Analytics concepts and practical skills.,
CRS00005,Cloud Computing Fundamentals,Cloud Computing,Beginner,This Beginner course teaches Cloud Computing concepts and practical skills.,
CRS00006,Introduction to Deep Learning,Deep Learning,Beginner,This Beginner course teaches Deep Learning concepts and practical skills.,
CRS00007,Getting Started with Cybersecurity,Cybersecurity,Beginner,This Beginner course teaches Cybersecurity concepts and practical skills.,
CRS00008,Introduction to Cybersecurity,Cybersecurity,Beginner,This Beginner course teaches Cybersecurity concepts and practical skills.,
CRS00009,Web Development Fundamentals,Web Development,Beginner,This Beginner course teaches Web Development concepts and practical skills.,
CRS00010,Introduction to Python,Python,Beginner,This Beginner course teaches Python concepts and practical skills.,
CRS00011,DevOps Fundamentals,DevOps,Beginner,This Beginner course teaches DevOps concepts and practical skills.,
CRS00012,Introduction to SQL,SQL,Beginner,This Beginner course teaches SQL concepts and practical skills.,
CRS00013,Data Science Fundamentals,Data Science,Beginner,This Beginner course teaches Data Science concepts and practical skills.,
CRS00014,Getting Started with Software Development,Software Development,Beginner,This Beginner course teaches Software Development concepts and practical skills.,
CRS00015,Data Analytics Fundamentals,Data Analytics,Beginner,This Beginner course teaches Data Analytics concepts and practical skills.,
CRS00016,Getting Started with Machine Learning,Machine Learning,Beginner,This Beginner course teaches Machine Learning concepts and practical skills.,
CRS00017,Introduction to DevOps,DevOps,Beginner,This Beginner course teaches DevOps concepts and practical skills.,
CRS00018,Introduction to Cloud Computing,Cloud Computing,Beginner,This Beginner course teaches Cloud Computing concepts and practical skills.,
CRS00019,Getting Started with Data Science,Data Science,Beginner,This Beginner course teaches Data Science concepts and practical skills.,
CRS00020,Cloud Computing Fundamentals,Cloud Computing,Beginner,This Beginner course teaches Cloud Computing concepts and practical skills.,
CRS00021,Getting Started with Data Science,Data Science,Beginner,This Beginner course teaches Data Science concepts and practical skills.,
CRS00022,Introduction to Data Analytics,Data Analytics,Beginner,This Beginner course teaches Data Analytics concepts and practical skills.,
CRS00023,Introduction to Data Science,Data Science,Beginner,This Beginner course teaches Data Science concepts and practical skills.,
CRS00024,Python Fundamentals,Python,Beginner,This Beginner course teaches Python concepts and practical skills.,
CRS00025,Introduction to SQL,SQL,Beginner,This Beginner course teaches SQL concepts and practical skills.,
CRS00026,Introduction to Data Science,Data Science,Beginner,This Beginner course teaches Data Science concepts and practical skills.,
CRS00027,Machine Learning Fundamentals,Machine Learning,Beginner,This Beginner course teaches Machine Learning concepts and practical skills.,
CRS00028,Cloud Computing Fundamentals,Cloud Computing,Beginner,This Beginner course teaches Cloud Computing concepts and practical skills.,
CRS00029,Getting Started with Data Analytics,Data Analytics,Beginner,This Beginner course teaches Data Analytics concepts and practical skills.,
CRS00030,Introduction to Artificial Intelligence,Artificial Intelligence,Beginner,This Beginner course teaches Artificial Intelligence concepts and practical skills.,
CRS00031,Getting Started with SQL,SQL,Beginner,This Beginner course teaches SQL concepts and practical skills.,
CRS00032,Getting Started with Web Development,Web Development,Beginner,This Beginner course teaches Web Development concepts and practical skills.,
CRS00033,Introduction to Data Science,Data Science,Beginner,This Beginner course teaches Data Science concepts and practical skills.,
CRS00034,Introduction to Deep Learning,Deep Learning,Beginner,This Beginner course teaches Deep Learning concepts and practical skills.,
CRS00035,Getting Started with Artificial Intelligence,Artificial Intelligence,Beginner,This Beginner course teaches Artificial Intelligence concepts and practical skills.,
CRS00036,Getting Started with Web Development,Web Development,Beginner,This Beginner course teaches Web Development concepts and practical skills.,
CRS00037,Getting Started with Cybersecurity,Cybersecurity,Beginner,This Beginner course teaches Cybersecurity concepts and practical skills.,
CRS00038,Getting Started with Cloud Computing,Cloud Computing,Beginner,This Beginner course teaches Cloud Computing concepts and practical skills.,
CRS00039,Getting Started with Web Development,Web Development,Beginner,This Beginner course teaches Web Development concepts and practical skills.,
CRS00040,Cybersecurity Fundamentals,Cybersecurity,Beginner,This Beginner course teaches Cybersecurity concepts and practical skills.,
CRS00041,Cybersecurity Fundamentals,Cybersecurity,Beginner,This Beginner course teaches Cybersecurity concepts and practical skills.,
CRS00042,Cloud Computing Fundamentals,Cloud Computing,Beginner,This Beginner course teaches Cloud Computing concepts and practical skills.,
CRS00043,Machine Learning Fundamentals,Machine Learning,Beginner,This Beginner course teaches Machine Learning concepts and practical skills.,
CRS00044,Getting Started with Data Science,Data Science,Beginner,This Beginner course teaches Data Science concepts and practical skills.,
CRS00045,Getting Started with Machine Learning,Machine Learning,Beginner,This Beginner course teaches Machine Learning concepts and practical skills.,
CRS00046,Getting Started with Deep Learning,Deep Learning,Beginner,This Beginner course teaches Deep Learning concepts and practical skills.,
CRS00047,DevOps Fundamentals,DevOps,Beginner,This Beginner course teaches DevOps concepts and practical skills.,
CRS00048,Python Fundamentals,Python,Beginner,This Beginner course teaches Python concepts and practical skills.,
CRS00049,Getting Started with SQL,SQL,Beginner,This Beginner course teaches SQL concepts and practical skills.,
CRS00050,Introduction to Data Analytics,Data Analytics,Beginner,This Beginner course teaches Data Analytics concepts and practical skills.,
CRS00051,Software Development Fundamentals,Software Development,Beginner,This Beginner course teaches Software Development concepts and practical skills.,
CRS00052,Getting Started with Machine Learning,Machine Learning,Beginner,This Beginner course teaches Machine Learning concepts and practical skills.,
CRS00053,Getting Started with Deep Learning,Deep Learning,Beginner,This Beginner course teaches Deep Learning concepts and practical skills.,
CRS00054,Getting Started with Cloud Computing,Cloud Computing,Beginner,This Beginner course teaches Cloud Computing concepts and practical skills.,
CRS00055,DevOps Fundamentals,DevOps,Beginner,This Beginner course teaches DevOps concepts and practical skills.,
CRS00056,Getting Started with DevOps,DevOps,Beginner,This Beginner course teaches DevOps concepts and practical skills.,
CRS00057,Getting Started with Data Analytics,Data Analytics,Beginner,This Beginner course teaches Data Analytics concepts and practical skills.,
CRS00058,Introduction to DevOps,DevOps,Beginner,This Beginner course teaches DevOps concepts and practical skills.,
CRS00059,Getting Started with Deep Learning,Deep Learning,Beginner,This Beginner course teaches Deep Learning concepts and practical skills.,
CRS00060,Getting Started with Cloud Computing,Cloud Computing,Beginner,This Beginner course teaches Cloud Computing concepts and practical skills.,
CRS00061,Cloud Computing Fundamentals,Cloud Computing,Beginner,This Beginner course teaches Cloud Computing concepts and practical skills.,
CRS00062,Getting Started with Cloud Computing,Cloud Computing,Beginner,This Beginner course teaches Cloud Computing concepts and practical skills.,
CRS00063,Introduction to Data Analytics,Data Analytics,Beginner,This Beginner course teaches Data Analytics concepts and practical skills.,
CRS00064,Getting Started with Machine Learning,Machine Learning,Beginner,This Beginner course teaches Machine Learning concepts and practical skills.,
CRS00065,Introduction to Web Development,Web Development,Beginner,This Beginner course teaches Web Development concepts and practical skills.,
CRS00066,Getting Started with Data Analytics,Data Analytics,Beginner,This Beginner course teaches Data Analytics concepts and practical skills.,
CRS00067,Data Science Fundamentals,Data Science,Beginner,This Beginner course teaches Data Science concepts and practical skills.,
CRS00068,Python Fundamentals,Python,Beginner,This Beginner course teaches Python concepts and practical skills.,
CRS00069,Data Analytics Fundamentals,Data Analytics,Beginner,This Beginner course teaches Data Analytics concepts and practical skills.,
CRS00070,Deep Learning Fundamentals,Deep Learning,Beginner,This Beginner course teaches Deep Learning concepts and practical skills.,
CRS00071,Data Analytics Fundamentals,Data Analytics,Beginner,This Beginner course teaches Data Analytics concepts and practical skills.,
CRS00072,Introduction to Cybersecurity,Cybersecurity,Beginner,This Beginner course teaches Cybersecurity concepts and practical skills.,
CRS00073,Web Development Fundamentals,Web Development,Beginner,This Beginner course teaches Web Development concepts and practical skills.,
CRS00074,Getting Started with Data Analytics,Data Analytics,Beginner,This Beginner course teaches Data Analytics concepts and practical skills.,
CRS00075,Getting Started with Data Science,Data Science,Beginner,This Beginner course teaches Data Science concepts and practical skills.,
CRS00076,Introduction to Web Development,Web Development,Beginner,This Beginner course teaches Web Development concepts and practical skills.,
CRS00077,Getting Started with Data Analytics,Data Analytics,Beginner,This Beginner course teaches Data Analytics concepts and practical skills.,
CRS00078,Getting Started with Cloud Computing,Cloud Computing,Beginner,This Beginner course teaches Cloud Computing concepts and practical skills.,
CRS00079,Introduction to Data Analytics,Data Analytics,Beginner,This Beginner course teaches Data Analytics concepts and practical skills.,
CRS00080,Data Science Fundamentals,Data Science,Beginner,This Beginner course teaches Data Science concepts and practical skills.,
CRS00081,Introduction to Cybersecurity,Cybersecurity,Beginner,This Beginner course teaches Cybersecurity concepts and practical skills.,
CRS00082,Introduction to DevOps,DevOps,Beginner,This Beginner course teaches DevOps concepts and practical skills.,
CRS00083,Deep Learning Fundamentals,Deep Learning,Beginner,This Beginner course teaches Deep Learning concepts and practical skills.,
CRS00084,SQL Fundamentals,SQL,Beginner,This Beginner course teaches SQL concepts and practical skills.,
CRS00085,Machine Learning Fundamentals,Machine Learning,Beginner,This Beginner course teaches Machine Learning concepts and practical skills.,
CRS00086,Introduction to Data Science,Data Science,Beginner,This Beginner course teaches Data Science concepts and practical skills.,
CRS00087,Web Development Fundamentals,Web Development,Beginner,This Beginner course teaches Web Development concepts and practical skills.,
CRS00088,Getting Started with Software Development,Software Development,Beginner,This Beginner course teaches Software Development concepts and practical skills.,
CRS00089,Introduction to SQL,SQL,Beginner,This Beginner course teaches SQL concepts and practical skills.,
CRS00090,Artificial Intelligence Fundamentals,Artificial Intelligence,Beginner,This Beginner course teaches Artificial Intelligence concepts and practical skills.,
CRS00091,Getting Started with Machine Learning,Machine Learning,Beginner,This Beginner course teaches Machine Learning concepts and practical skills.,
CRS00092,Python Fundamentals,Python,Beginner,This Beginner course teaches Python concepts and practical skills.,
CRS00093,Python Fundamentals,Python,Beginner,This Beginner course teaches Python concepts and practical skills.,
CRS00094,Cloud Computing Fundamentals,Cloud Computing,Beginner,This Beginner course teaches Cloud Computing concepts and practical skills.,
CRS00095,Getting Started with Data Science,Data Science,Beginner,This Beginner course teaches Data Science concepts and practical skills.,
CRS00096,Introduction to Cloud Computing,Cloud Computing,Beginner,This Beginner course teaches Cloud Computing concepts and practical skills.,
CRS00097,Getting Started with Deep Learning,Deep Learning,Beginner,This Beginner course teaches Deep Learning concepts and practical skills.,
CRS00098,Getting Started with Software Development,Software Development,Beginner,This Beginner course teaches Software Development concepts and practical skills.,
CRS00099,Introduction to Data Analytics,Data Analytics,Beginner,This Beginner course teaches Data Analytics concepts and practical skills.,
CRS00100,Introduction to Cloud Computing,Cloud Computing,Beginner,This Beginner course teaches Cloud Computing concepts and practical skills.,
CRS00101,Introduction to Software Development,Software Development,Beginner,This Beginner course teaches Software Development concepts and practical skills.,
CRS00102,Getting Started with Python,Python,Beginner,This Beginner course teaches Python concepts and practical skills.,
CRS00103,Getting Started with Deep Learning,Deep Learning,Beginner,This Beginner course teaches Deep Learning concepts and practical skills.,
CRS00104,Cybersecurity Fundamentals,Cybersecurity,Beginner,This Beginner course teaches Cybersecurity concepts and practical skills.,
CRS00105,SQL Fundamentals,SQL,Beginner,This Beginner course teaches SQL concepts and practical skills.,
CRS00106,Introduction to Python,Python,Beginner,This Beginner course teaches Python concepts and practical skills.,
CRS00107,Getting Started with Data Analytics,Data Analytics,Beginner,This Beginner course teaches Data Analytics concepts and practical skills.,
CRS00108,Introduction to Software Development,Software Development,Beginner,This Beginner course teaches Software Development concepts and practical skills.,
CRS00109,Introduction to SQL,SQL,Beginner,This Beginner course teaches SQL concepts and practical skills.,
CRS00110,Introduction to SQL,SQL,Beginner,This Beginner course teaches SQL concepts and practical skills.,
CRS00111,Introduction to Artificial Intelligence,Artificial Intelligence,Beginner,This Beginner course teaches Artificial Intelligence concepts and practical skills.,
CRS00112,Introduction to Data Analytics,Data Analytics,Beginner,This Beginner course teaches Data Analytics concepts and practical skills.,
CRS00113,Getting Started with Deep Learning,Deep Learning,Beginner,This Beginner course teaches Deep Learning concepts and practical skills.,
CRS00114,Software Development Fundamentals,Software Development,Beginner,This Beginner course teaches Software Development concepts and practical skills.,
CRS00115,Introduction to Machine Learning,Machine Learning,Beginner,This Beginner course teaches Machine Learning concepts and practical skills.,
CRS00116,Introduction to Cybersecurity,Cybersecurity,Beginner,This Beginner course teaches Cybersecurity concepts and practical skills.,
CRS00117,Getting Started with Data Science,Data Science,Beginner,This Beginner course teaches Data Science concepts and practical skills.,
CRS00118,Getting Started with Cloud Computing,Cloud Computing,Beginner,This Beginner course teaches Cloud Computing concepts and practical skills.,
CRS00119,Introduction to Software Development,Software Development,Beginner,This Beginner course teaches Software Development concepts and practical skills.,
CRS00120,Introduction to Cybersecurity,Cybersecurity,Beginner,This Beginner course teaches Cybersecurity concepts and practical skills.,
CRS00121,Introduction to Machine Learning,Machine Learning,Beginner,This Beginner course teaches Machine Learning concepts and practical skills.,
CRS00122,Introduction to DevOps,DevOps,Beginner,This Beginner course teaches DevOps concepts and practical skills.,
CRS00123,Getting Started with Deep Learning,Deep Learning,Beginner,This Beginner course teaches Deep Learning concepts and practical skills.,
CRS00124,Getting Started with Cloud Computing,Cloud Computing,Beginner,This Beginner course teaches Cloud Computing concepts and practical skills.,
CRS00125,Cybersecurity Fundamentals,Cybersecurity,Beginner,This Beginner course teaches Cybersecurity concepts and practical skills.,
CRS00126,Introduction to Software Development,Software Development,Beginner,This Beginner course teaches Software Development concepts and practical skills.,
CRS00127,Introduction to DevOps,DevOps,Beginner,This Beginner course teaches DevOps concepts and practical skills.,
CRS00128,Software Development Fundamentals,Software Development,Beginner,This Beginner course teaches Software Development concepts and practical skills.,
CRS00129,Getting Started with DevOps,DevOps,Beginner,This Beginner course teaches DevOps concepts and practical skills.,
CRS00130,Introduction to Machine Learning,Machine Learning,Beginner,This Beginner course teaches Machine Learning concepts and practical skills.,
CRS00131,Introduction to Web Development,Web Development,Beginner,This Beginner course teaches Web Development concepts and practical skills.,
CRS00132,Getting Started with Artificial Intelligence,Artificial Intelligence,Beginner,This Beginner course teaches Artificial Intelligence concepts and practical skills.,
CRS00133,Artificial Intelligence Fundamentals,Artificial Intelligence,Beginner,This Beginner course teaches Artificial Intelligence concepts and practical skills.,
CRS00134,Introduction to DevOps,DevOps,Beginner,This Beginner course teaches DevOps concepts and practical skills.,
CRS00135,Getting Started with Cloud Computing,Cloud Computing,Beginner,This Beginner course teaches Cloud Computing concepts and practical skills.,
CRS00136,Data Science Fundamentals,Data Science,Beginner,This Beginner course teaches Data Science concepts and practical skills.,
CRS00137,Getting Started with Python,Python,Beginner,This Beginner course teaches Python concepts and practical skills.,
CRS00138,Python Fundamentals,Python,Beginner,This Beginner course teaches Python concepts and practical skills.,
CRS00139,Web Development Fundamentals,Web Development,Beginner,This Beginner course teaches Web Development concepts and practical skills.,
CRS00140,Getting Started with Data Science,Data Science,Beginner,This Beginner course teaches Data Science concepts and practical skills.,
CRS00141,Introduction to Web Development,Web Development,Beginner,This Beginner course teaches Web Development concepts and practical skills.,
CRS00142,Introduction to Artificial Intelligence,Artificial Intelligence,Beginner,This Beginner course teaches Artificial Intelligence concepts and practical skills.,
CRS00143,Python Fundamentals,Python,Beginner,This Beginner course teaches Python concepts and practical skills.,
CRS00144,Getting Started with Data Science,Data Science,Beginner,This Beginner course teaches Data Science concepts and practical skills.,
CRS00145,Introduction to Cybersecurity,Cybersecurity,Beginner,This Beginner course teaches Cybersecurity concepts and practical skills.,
CRS00146,Machine Learning Fundamentals,Machine Learning,Beginner,This Beginner course teaches Machine Learning concepts and practical skills.,
CRS00147,Getting Started with Deep Learning,Deep Learning,Beginner,This Beginner course teaches Deep Learning concepts and practical skills.,
CRS00148,Introduction to Cybersecurity,Cybersecurity,Beginner,This Beginner course teaches Cybersecurity concepts and practical skills.,
CRS00149,Getting Started with Python,Python,Beginner,This Beginner course teaches Python concepts and practical skills.,
CRS00150,Web Development Fundamentals,Web Development,Beginner,This Beginner course teaches Web Development concepts and practical skills.,
CRS00151,Introduction to Data Analytics,Data Analytics,Beginner,This Beginner course teaches Data Analytics concepts and practical skills.,
CRS00152,Introduction to DevOps,DevOps,Beginner,This Beginner course teaches DevOps concepts and practical skills.,
CRS00153,Introduction to Cybersecurity,Cybersecurity,Beginner,This Beginner course teaches Cybersecurity concepts and practical skills.,
CRS00154,Data Science Fundamentals,Data Science,Beginner,This Beginner course teaches Data Science concepts and practical skills.,
CRS00155,Getting Started with Data Analytics,Data Analytics,Beginner,This Beginner course teaches Data Analytics concepts and practical skills.,
CRS00156,Introduction to Web Development,Web Development,Beginner,This Beginner course teaches Web Development concepts and practical skills.,
CRS00157,Getting Started with Cybersecurity,Cybersecurity,Beginner,This Beginner course teaches Cybersecurity concepts and practical skills.,
CRS00158,Introduction to Web Development,Web Development,Beginner,This Beginner course teaches Web Development concepts and practical skills.,
CRS00159,Getting Started with Cybersecurity,Cybersecurity,Beginner,This Beginner course teaches Cybersecurity concepts and practical skills.,
CRS00160,Introduction to Software Development,Software Development,Beginner,This Beginner course teaches Software Development concepts and practical skills.,
CRS00161,Getting Started with Data Analytics,Data Analytics,Beginner,This Beginner course teaches Data Analytics concepts and practical skills.,
CRS00162,Introduction to Web Development,Web Development,Beginner,This Beginner course teaches Web Development concepts and practical skills.,
CRS00163,Introduction to Machine Learning,Machine Learning,Beginner,This Beginner course teaches Machine Learning concepts and practical skills.,
CRS00164,Getting Started with Deep Learning,Deep Learning,Beginner,This Beginner course teaches Deep Learning concepts and practical skills.,
CRS00165,DevOps Fundamentals,DevOps,Beginner,This Beginner course teaches DevOps concepts and practical skills.,
CRS00166,Introduction to Cybersecurity,Cybersecurity,Beginner,This Beginner course teaches Cybersecurity concepts and practical skills.,
CRS00167,Artificial Intelligence Fundamentals,Artificial Intelligence,Beginner,This Beginner course teaches Artificial Intelligence concepts and practical skills.,
CRS00168,Getting Started with Cloud Computing,Cloud Computing,Beginner,This Beginner course teaches Cloud Computing concepts and practical skills.,
CRS00169,DevOps Fundamentals,DevOps,Beginner,This Beginner course teaches DevOps concepts and practical skills.,
CRS00170,Getting Started with Deep Learning,Deep Learning,Beginner,This Beginner course teaches Deep Learning concepts and practical skills.,
CRS00171,Applied SQL,SQL,Intermediate,This Intermediate course teaches SQL concepts and practical skills.,CRS00110
CRS00172,Intermediate Artificial Intelligence,Artificial Intelligence,Intermediate,This Intermediate course teaches Artificial Intelligence concepts and practical skills.,CRS00167
CRS00173,Intermediate Data Science,Data Science,Intermediate,This Intermediate course teaches Data Science concepts and practical skills.,CRS00154
CRS00174,Applied SQL,SQL,Intermediate,This Intermediate course teaches SQL concepts and practical skills.,CRS00110
CRS00175,Data Science in Practice,Data Science,Intermediate,This Intermediate course teaches Data Science concepts and practical skills.,CRS00154
CRS00176,Intermediate Machine Learning,Machine Learning,Intermediate,This Intermediate course teaches Machine Learning concepts and practical skills.,CRS00163
CRS00177,Applied Deep Learning,Deep Learning,Intermediate,This Intermediate course teaches Deep Learning concepts and practical skills.,CRS00170
CRS00178,Web Development in Practice,Web Development,Intermediate,This Intermediate course teaches Web Development concepts and practical skills.,CRS00162
CRS00179,Intermediate Machine Learning,Machine Learning,Intermediate,This Intermediate course teaches Machine Learning concepts and practical skills.,CRS00163
CRS00180,Intermediate Data Analytics,Data Analytics,Intermediate,This Intermediate course teaches Data Analytics concepts and practical skills.,CRS00161
CRS00181,Machine Learning in Practice,Machine Learning,Intermediate,This Intermediate course teaches Machine Learning concepts and practical skills.,CRS00163
CRS00182,Intermediate Web Development,Web Development,Intermediate,This Intermediate course teaches Web Development concepts and practical skills.,CRS00162
CRS00183,Intermediate Artificial Intelligence,Artificial Intelligence,Intermediate,This Intermediate course teaches Artificial Intelligence concepts and practical skills.,CRS00167
CRS00184,Intermediate Deep Learning,Deep Learning,Intermediate,This Intermediate course teaches Deep Learning concepts and practical skills.,CRS00170
CRS00185,Applied Software Development,Software Development,Intermediate,This Intermediate course teaches Software Development concepts and practical skills.,CRS00160
CRS00186,Artificial Intelligence in Practice,Artificial Intelligence,Intermediate,This Intermediate course teaches Artificial Intelligence concepts and practical skills.,CRS00167
CRS00187,Machine Learning in Practice,Machine Learning,Intermediate,This Intermediate course teaches Machine Learning concepts and practical skills.,CRS00163
CRS00188,Intermediate Cybersecurity,Cybersecurity,Intermediate,This Intermediate course teaches Cybersecurity concepts and practical skills.,CRS00166
CRS00189,Applied Artificial Intelligence,Artificial Intelligence,Intermediate,This Intermediate course teaches Artificial Intelligence concepts and practical skills.,CRS00167
CRS00190,Applied SQL,SQL,Intermediate,This Intermediate course teaches SQL concepts and practical skills.,CRS00110
CRS00191,Intermediate Deep Learning,Deep Learning,Intermediate,This Intermediate course teaches Deep Learning concepts and practical skills.,CRS00170
CRS00192,Applied Cloud Computing,Cloud Computing,Intermediate,This Intermediate course teaches Cloud Computing concepts and practical skills.,CRS00168
CRS00193,Intermediate Cybersecurity,Cybersecurity,Intermediate,This Intermediate course teaches Cybersecurity concepts and practical skills.,CRS00166
CRS00194,Intermediate SQL,SQL,Intermediate,This Intermediate course teaches SQL concepts and practical skills.,CRS00110
CRS00195,Python in Practice,Python,Intermediate,This Intermediate course teaches Python concepts and practical skills.,CRS00149
CRS00196,Cybersecurity in Practice,Cybersecurity,Intermediate,This Intermediate course teaches Cybersecurity concepts and practical skills.,CRS00166
CRS00197,Applied Web Development,Web Development,Intermediate,This Intermediate course teaches Web Development concepts and practical skills.,CRS00162
CRS00198,Intermediate Web Development,Web Development,Intermediate,This Intermediate course teaches Web Development concepts and practical skills.,CRS00162
CRS00199,Intermediate Cloud Computing,Cloud Computing,Intermediate,This Intermediate course teaches Cloud Computing concepts and practical skills.,CRS00168
CRS00200,Intermediate SQL,SQL,Intermediate,This Intermediate course teaches SQL concepts and practical skills.,CRS00110
CRS00201,Intermediate Data Science,Data Science,Intermediate,This Intermediate course teaches Data Science concepts and practical skills.,CRS00154
CRS00202,Applied Cloud Computing,Cloud Computing,Intermediate,This Intermediate course teaches Cloud Computing concepts and practical skills.,CRS00168
CRS00203,Data Analytics in Practice,Data Analytics,Intermediate,This Intermediate course teaches Data Analytics concepts and practical skills.,CRS00161
CRS00204,Intermediate Deep Learning,Deep Learning,Intermediate,This Intermediate course teaches Deep Learning concepts and practical skills.,CRS00170
CRS00205,Intermediate SQL,SQL,Intermediate,This Intermediate course teaches SQL concepts and practical skills.,CRS00110
CRS00206,Machine Learning in Practice,Machine Learning,Intermediate,This Intermediate course teaches Machine Learning concepts and practical skills.,CRS00163
CRS00207,Applied Web Development,Web Development,Intermediate,This Intermediate course teaches Web Development concepts and practical skills.,CRS00162
CRS00208,Applied DevOps,DevOps,Intermediate,This Intermediate course teaches DevOps concepts and practical skills.,CRS00169
CRS00209,Applied Software Development,Software Development,Intermediate,This Intermediate course teaches Software Development concepts and practical skills.,CRS00160
CRS00210,Intermediate Data Analytics,Data Analytics,Intermediate,This Intermediate course teaches Data Analytics concepts and practical skills.,CRS00161
CRS00211,Machine Learning in Practice,Machine Learning,Intermediate,This Intermediate course teaches Machine Learning concepts and practical skills.,CRS00163
CRS00212,Artificial Intelligence in Practice,Artificial Intelligence,Intermediate,This Intermediate course teaches Artificial Intelligence concepts and practical skills.,CRS00167
CRS00213,Intermediate SQL,SQL,Intermediate,This Intermediate course teaches SQL concepts and practical skills.,CRS00110
CRS00214,Intermediate Data Analytics,Data Analytics,Intermediate,This Intermediate course teaches Data Analytics concepts and practical skills.,CRS00161
CRS00215,Machine Learning in Practice,Machine Learning,Intermediate,This Intermediate course teaches Machine Learning concepts and practical skills.,CRS00163
CRS00216,Applied Deep Learning,Deep Learning,Intermediate,This Intermediate course teaches Deep Learning concepts and practical skills.,CRS00170
CRS00217,Intermediate SQL,SQL,Intermediate,This Intermediate course teaches SQL concepts and practical skills.,CRS00110
CRS00218,Applied Data Analytics,Data Analytics,Intermediate,This Intermediate course teaches Data Analytics concepts and practical skills.,CRS00161
CRS00219,Intermediate DevOps,DevOps,Intermediate,This Intermediate course teaches DevOps concepts and practical skills.,CRS00169
CRS00220,Deep Learning in Practice,Deep Learning,Intermediate,This Intermediate course teaches Deep Learning concepts and practical skills.,CRS00170
CRS00221,Intermediate Python,Python,Intermediate,This Intermediate course teaches Python concepts and practical skills.,CRS00149
CRS00222,Applied Web Development,Web Development,Intermediate,This Intermediate course teaches Web Development concepts and practical skills.,CRS00162
CRS00223,Intermediate Data Analytics,Data Analytics,Intermediate,This Intermediate course teaches Data Analytics concepts and practical skills.,CRS00161
CRS00224,Intermediate Deep Learning,Deep Learning,Intermediate,This Intermediate course teaches Deep Learning concepts and practical skills.,CRS00170
CRS00225,Cloud Computing in Practice,Cloud Computing,Intermediate,This Intermediate course teaches Cloud Computing concepts and practical skills.,CRS00168
CRS00226,Applied DevOps,DevOps,Intermediate,This Intermediate course teaches DevOps concepts and practical skills.,CRS00169
CRS00227,Applied SQL,SQL,Intermediate,This Intermediate course teaches SQL concepts and practical skills.,CRS00110
CRS00228,Intermediate Web Development,Web Development,Intermediate,This Intermediate course teaches Web Development concepts and practical skills.,CRS00162
CRS00229,Applied Artificial Intelligence,Artificial Intelligence,Intermediate,This Intermediate course teaches Artificial Intelligence concepts and practical skills.,CRS00167
CRS00230,Applied DevOps,DevOps,Intermediate,This Intermediate course teaches DevOps concepts and practical skills.,CRS00169
CRS00231,Python in Practice,Python,Intermediate,This Intermediate course teaches Python concepts and practical skills.,CRS00149
CRS00232,Applied Data Science,Data Science,Intermediate,This Intermediate course teaches Data Science concepts and practical skills.,CRS00154
CRS00233,Data Analytics in Practice,Data Analytics,Intermediate,This Intermediate course teaches Data Analytics concepts and practical skills.,CRS00161
CRS00234,Intermediate Python,Python,Intermediate,This Intermediate course teaches Python concepts and practical skills.,CRS00149
CRS00235,Intermediate Cybersecurity,Cybersecurity,Intermediate,This Intermediate course teaches Cybersecurity concepts and practical skills.,CRS00166
CRS00236,Intermediate Artificial Intelligence,Artificial Intelligence,Intermediate,This Intermediate course teaches Artificial Intelligence concepts and practical skills.,CRS00167
CRS00237,Applied SQL,SQL,Intermediate,This Intermediate course teaches SQL concepts and practical skills.,CRS00110
CRS00238,Intermediate Data Analytics,Data Analytics,Intermediate,This Intermediate course teaches Data Analytics concepts and practical skills.,CRS00161
CRS00239,Applied Python,Python,Intermediate,This Intermediate course teaches Python concepts and practical skills.,CRS00149
CRS00240,Applied Artificial Intelligence,Artificial Intelligence,Intermediate,This Intermediate course teaches Artificial Intelligence concepts and practical skills.,CRS00167
CRS00241,Software Development in Practice,Software Development,Intermediate,This Intermediate course teaches Software Development concepts and practical skills.,CRS00160
CRS00242,Applied Deep Learning,Deep Learning,Intermediate,This Intermediate course teaches Deep Learning concepts and practical skills.,CRS00170
CRS00243,Intermediate Artificial Intelligence,Artificial Intelligence,Intermediate,This Intermediate course teaches Artificial Intelligence concepts and practical skills.,CRS00167
CRS00244,Python in Practice,Python,Intermediate,This Intermediate course teaches Python concepts and practical skills.,CRS00149
CRS00245,Applied Deep Learning,Deep Learning,Intermediate,This Intermediate course teaches Deep Learning concepts and practical skills.,CRS00170
CRS00246,Intermediate Cybersecurity,Cybersecurity,Intermediate,This Intermediate course teaches Cybersecurity concepts and practical skills.,CRS00166
CRS00247,Intermediate SQL,SQL,Intermediate,This Intermediate course teaches SQL concepts and practical skills.,CRS00110
CRS00248,Intermediate Cybersecurity,Cybersecurity,Intermediate,This Intermediate course teaches Cybersecurity concepts and practical skills.,CRS00166
CRS00249,Applied Python,Python,Intermediate,This Intermediate course teaches Python concepts and practical skills.,CRS00149
CRS00250,Intermediate Web Development,Web Development,Intermediate,This Intermediate course teaches Web Development concepts and practical skills.,CRS00162
CRS00251,Intermediate Python,Python,Intermediate,This Intermediate course teaches Python concepts and practical skills.,CRS00149
CRS00252,SQL in Practice,SQL,Intermediate,This Intermediate course teaches SQL concepts and practical skills.,CRS00110
CRS00253,Intermediate DevOps,DevOps,Intermediate,This Intermediate course teaches DevOps concepts and practical skills.,CRS00169
CRS00254,Intermediate Artificial Intelligence,Artificial Intelligence,Intermediate,This Intermediate course teaches Artificial Intelligence concepts and practical skills.,CRS00167
CRS00255,Applied Data Analytics,Data Analytics,Intermediate,This Intermediate course teaches Data Analytics concepts and practical skills.,CRS00161
CRS00256,Cloud Computing in Practice,Cloud Computing,Intermediate,This Intermediate course teaches Cloud Computing concepts and practical skills.,CRS00168
CRS00257,Applied SQL,SQL,Intermediate,This Intermediate course teaches SQL concepts and practical skills.,CRS00110
CRS00258,Data Analytics in Practice,Data Analytics,Intermediate,This Intermediate course teaches Data Analytics concepts and practical skills.,CRS00161
CRS00259,Applied Software Development,Software Development,Intermediate,This Intermediate course teaches Software Development concepts and practical skills.,CRS00160
CRS00260,Applied Deep Learning,Deep Learning,Intermediate,This Intermediate course teaches Deep Learning concepts and practical skills.,CRS00170
CRS00261,Intermediate Artificial Intelligence,Artificial Intelligence,Intermediate,This Intermediate course teaches Artificial Intelligence concepts and practical skills.,CRS00167
CRS00262,Python in Practice,Python,Intermediate,This Intermediate course teaches Python concepts and practical skills.,CRS00149
CRS00263,Intermediate Data Science,Data Science,Intermediate,This Intermediate course teaches Data Science concepts and practical skills.,CRS00154
CRS00264,Intermediate Deep Learning,Deep Learning,Intermediate,This Intermediate course teaches Deep Learning concepts and practical skills.,CRS00170
CRS00265,Intermediate Cloud Computing,Cloud Computing,Intermediate,This Intermediate course teaches Cloud Computing concepts and practical skills.,CRS00168
CRS00266,Intermediate Cybersecurity,Cybersecurity,Intermediate,This Intermediate course teaches Cybersecurity concepts and practical skills.,CRS00166
CRS00267,Cloud Computing in Practice,Cloud Computing,Intermediate,This Intermediate course teaches Cloud Computing concepts and practical skills.,CRS00168
CRS00268,Intermediate Cloud Computing,Cloud Computing,Intermediate,This Intermediate course teaches Cloud Computing concepts and practical skills.,CRS00168
CRS00269,Intermediate Cybersecurity,Cybersecurity,Intermediate,This Intermediate course teaches Cybersecurity concepts and practical skills.,CRS00166
CRS00270,Intermediate Data Science,Data Science,Intermediate,This Intermediate course teaches Data Science concepts and practical skills.,CRS00154
CRS00271,Applied Artificial Intelligence,Artificial Intelligence,Intermediate,This Intermediate course teaches Artificial Intelligence concepts and practical skills.,CRS00167
CRS00272,Cybersecurity in Practice,Cybersecurity,Intermediate,This Intermediate course teaches Cybersecurity concepts and practical skills.,CRS00166
CRS00273,Applied Software Development,Software Development,Intermediate,This Intermediate course teaches Software Development concepts and practical skills.,CRS00160
CRS00274,Data Analytics in Practice,Data Analytics,Intermediate,This Intermediate course teaches Data Analytics concepts and practical skills.,CRS00161
CRS00275,Software Development in Practice,Software Development,Intermediate,This Intermediate course teaches Software Development concepts and practical skills.,CRS00160
CRS00276,Data Science in Practice,Data Science,Intermediate,This Intermediate course teaches Data Science concepts and practical skills.,CRS00154
CRS00277,Intermediate DevOps,DevOps,Intermediate,This Intermediate course teaches DevOps concepts and practical skills.,CRS00169
CRS00278,Intermediate Software Development,Software Development,Intermediate,This Intermediate course teaches Software Development concepts and practical skills.,CRS00160
CRS00279,Applied Machine Learning,Machine Learning,Intermediate,This Intermediate course teaches Machine Learning concepts and practical skills.,CRS00163
CRS00280,Applied Data Science,Data Science,Intermediate,This Intermediate course teaches Data Science concepts and practical skills.,CRS00154
CRS00281,Intermediate Python,Python,Intermediate,This Intermediate course teaches Python concepts and practical skills.,CRS00149
CRS00282,Intermediate Cloud Computing,Cloud Computing,Intermediate,This Intermediate course teaches Cloud Computing concepts and practical skills.,CRS00168
CRS00283,Web Development in Practice,Web Development,Intermediate,This Intermediate course teaches Web Development concepts and practical skills.,CRS00162
CRS00284,Intermediate Data Science,Data Science,Intermediate,This Intermediate course teaches Data Science concepts and practical skills.,CRS00154
CRS00285,Applied Data Analytics,Data Analytics,Intermediate,This Intermediate course teaches Data Analytics concepts and practical skills.,CRS00161
CRS00286,Intermediate Machine Learning,Machine Learning,Intermediate,This Intermediate course teaches Machine Learning concepts and practical skills.,CRS00163
CRS00287,Cybersecurity in Practice,Cybersecurity,Intermediate,This Intermediate course teaches Cybersecurity concepts and practical skills.,CRS00166
CRS00288,Applied Machine Learning,Machine Learning,Intermediate,This Intermediate course teaches Machine Learning concepts and practical skills.,CRS00163
CRS00289,Artificial Intelligence in Practice,Artificial Intelligence,Intermediate,This Intermediate course teaches Artificial Intelligence concepts and practical skills.,CRS00167
CRS00290,Intermediate SQL,SQL,Intermediate,This Intermediate course teaches SQL concepts and practical skills.,CRS00110
CRS00291,Applied Deep Learning,Deep Learning,Intermediate,This Intermediate course teaches Deep Learning concepts and practical skills.,CRS00170
CRS00292,Applied Cloud Computing,Cloud Computing,Intermediate,This Intermediate course teaches Cloud Computing concepts and practical skills.,CRS00168
CRS00293,Applied Cloud Computing,Cloud Computing,Intermediate,This Intermediate course teaches Cloud Computing concepts and practical skills.,CRS00168
CRS00294,Cloud Computing in Practice,Cloud Computing,Intermediate,This Intermediate course teaches Cloud Computing concepts and practical skills.,CRS00168
CRS00295,Intermediate Machine Learning,Machine Learning,Intermediate,This Intermediate course teaches Machine Learning concepts and practical skills.,CRS00163
CRS00296,Applied SQL,SQL,Intermediate,This Intermediate course teaches SQL concepts and practical skills.,CRS00110
CRS00297,Intermediate Web Development,Web Development,Intermediate,This Intermediate course teaches Web Development concepts and practical skills.,CRS00162
CRS00298,Applied Python,Python,Intermediate,This Intermediate course teaches Python concepts and practical skills.,CRS00149
CRS00299,Intermediate Software Development,Software Development,Intermediate,This Intermediate course teaches Software Development concepts and practical skills.,CRS00160
CRS00300,Applied Cybersecurity,Cybersecurity,Intermediate,This Intermediate course teaches Cybersecurity concepts and practical skills.,CRS00166
CRS00301,Applied SQL,SQL,Intermediate,This Intermediate course teaches SQL concepts and practical skills.,CRS00110
CRS00302,Intermediate Data Analytics,Data Analytics,Intermediate,This Intermediate course teaches Data Analytics concepts and practical skills.,CRS00161
CRS00303,Applied Data Analytics,Data Analytics,Intermediate,This Intermediate course teaches Data Analytics concepts and practical skills.,CRS00161
CRS00304,Artificial Intelligence in Practice,Artificial Intelligence,Intermediate,This Intermediate course teaches Artificial Intelligence concepts and practical skills.,CRS00167
CRS00305,DevOps in Practice,DevOps,Intermediate,This Intermediate course teaches DevOps concepts and practical skills.,CRS00169
CRS00306,Web Development in Practice,Web Development,Intermediate,This Intermediate course teaches Web Development concepts and practical skills.,CRS00162
CRS00307,DevOps in Practice,DevOps,Intermediate,This Intermediate course teaches DevOps concepts and practical skills.,CRS00169
CRS00308,Applied Python,Python,Intermediate,This Intermediate course teaches Python concepts and practical skills.,CRS00149
CRS00309,Intermediate Machine Learning,Machine Learning,Intermediate,This Intermediate course teaches Machine Learning concepts and practical skills.,CRS00163
CRS00310,Web Development in Practice,Web Development,Intermediate,This Intermediate course teaches Web Development concepts and practical skills.,CRS00162
CRS00311,Python in Practice,Python,Intermediate,This Intermediate course teaches Python concepts and practical skills.,CRS00149
CRS00312,DevOps in Practice,DevOps,Intermediate,This Intermediate course teaches DevOps concepts and practical skills.,CRS00169
CRS00313,Intermediate Python,Python,Intermediate,This Intermediate course teaches Python concepts and practical skills.,CRS00149
CRS00314,Applied Software Development,Software Development,Intermediate,This Intermediate course teaches Software Development concepts and practical skills.,CRS00160
CRS00315,Intermediate DevOps,DevOps,Intermediate,This Intermediate course teaches DevOps concepts and practical skills.,CRS00169
CRS00316,SQL in Practice,SQL,Intermediate,This Intermediate course teaches SQL concepts and practical skills.,CRS00110
CRS00317,Intermediate DevOps,DevOps,Intermediate,This Intermediate course teaches DevOps concepts and practical skills.,CRS00169
CRS00318,DevOps in Practice,DevOps,Intermediate,This Intermediate course teaches DevOps concepts and practical skills.,CRS00169
CRS00319,Intermediate SQL,SQL,Intermediate,This Intermediate course teaches SQL concepts and practical skills.,CRS00110
CRS00320,Applied Cybersecurity,Cybersecurity,Intermediate,This Intermediate course teaches Cybersecurity concepts and practical skills.,CRS00166
CRS00321,Deep Learning in Practice,Deep Learning,Intermediate,This Intermediate course teaches Deep Learning concepts and practical skills.,CRS00170
CRS00322,Machine Learning in Practice,Machine Learning,Intermediate,This Intermediate course teaches Machine Learning concepts and practical skills.,CRS00163
CRS00323,Artificial Intelligence in Practice,Artificial Intelligence,Intermediate,This Intermediate course teaches Artificial Intelligence concepts and practical skills.,CRS00167
CRS00324,Artificial Intelligence in Practice,Artificial Intelligence,Intermediate,This Intermediate course teaches Artificial Intelligence concepts and practical skills.,CRS00167
CRS00325,Intermediate Data Science,Data Science,Intermediate,This Intermediate course teaches Data Science concepts and practical skills.,CRS00154
CRS00326,Applied Data Analytics,Data Analytics,Intermediate,This Intermediate course teaches Data Analytics concepts and practical skills.,CRS00161
CRS00327,Data Science in Practice,Data Science,Intermediate,This Intermediate course teaches Data Science concepts and practical skills.,CRS00154
CRS00328,Intermediate Data Analytics,Data Analytics,Intermediate,This Intermediate course teaches Data Analytics concepts and practical skills.,CRS00161
CRS00329,Machine Learning in Practice,Machine Learning,Intermediate,This Intermediate course teaches Machine Learning concepts and practical skills.,CRS00163
CRS00330,Intermediate SQL,SQL,Intermediate,This Intermediate course teaches SQL concepts and practical skills.,CRS00110
CRS00331,Applied Software Development,Software Development,Intermediate,This Intermediate course teaches Software Development concepts and practical skills.,CRS00160
CRS00332,Applied Deep Learning,Deep Learning,Intermediate,This Intermediate course teaches Deep Learning concepts and practical skills.,CRS00170
CRS00333,Applied Data Science,Data Science,Intermediate,This Intermediate course teaches Data Science concepts and practical skills.,CRS00154
CRS00334,Intermediate Cybersecurity,Cybersecurity,Intermediate,This Intermediate course teaches Cybersecurity concepts and practical skills.,CRS00166
CRS00335,Intermediate Software Development,Software Development,Intermediate,This Intermediate course teaches Software Development concepts and practical skills.,CRS00160
CRS00336,Artificial Intelligence Techniques,Artificial Intelligence,Advanced,This Advanced course teaches Artificial Intelligence concepts and practical skills.,CRS00324
CRS00337,Web Development Techniques,Web Development,Advanced,This Advanced course teaches Web Development concepts and practical skills.,CRS00310
CRS00338,Deep Learning Techniques,Deep Learning,Advanced,This Advanced course teaches Deep Learning concepts and practical skills.,CRS00332
CRS00339,Advanced Machine Learning,Machine Learning,Advanced,This Advanced course teaches Machine Learning concepts and practical skills.,CRS00329
CRS00340,Mastering Data Science,Data Science,Advanced,This Advanced course teaches Data Science concepts and practical skills.,CRS00333
CRS00341,Artificial Intelligence Techniques,Artificial Intelligence,Advanced,This Advanced course teaches Artificial Intelligence concepts and practical skills.,CRS00324
CRS00342,Advanced Deep Learning,Deep Learning,Advanced,This Advanced course teaches Deep Learning concepts and practical skills.,CRS00332
CRS00343,Advanced Machine Learning,Machine Learning,Advanced,This Advanced course teaches Machine Learning concepts and practical skills.,CRS00329
CRS00344,Mastering Python,Python,Advanced,This Advanced course teaches Python concepts and practical skills.,CRS00313
CRS00345,Advanced Data Science,Data Science,Advanced,This Advanced course teaches Data Science concepts and practical skills.,CRS00333
CRS00346,Web Development Techniques,Web Development,Advanced,This Advanced course teaches Web Development concepts and practical skills.,CRS00310
CRS00347,Deep Learning Techniques,Deep Learning,Advanced,This Advanced course teaches Deep Learning concepts and practical skills.,CRS00332
CRS00348,Python Techniques,Python,Advanced,This Advanced course teaches Python concepts and practical skills.,CRS00313
CRS00349,Mastering Cybersecurity,Cybersecurity,Advanced,This Advanced course teaches Cybersecurity concepts and practical skills.,CRS00334
CRS00350,Mastering Artificial Intelligence,Artificial Intelligence,Advanced,This Advanced course teaches Artificial Intelligence concepts and practical skills.,CRS00324
CRS00351,Mastering Cybersecurity,Cybersecurity,Advanced,This Advanced course teaches Cybersecurity concepts and practical skills.,CRS00334
CRS00352,Deep Learning Techniques,Deep Learning,Advanced,This Advanced course teaches Deep Learning concepts and practical skills.,CRS00332
CRS00353,Cybersecurity Techniques,Cybersecurity,Advanced,This Advanced course teaches Cybersecurity concepts and practical skills.,CRS00334
CRS00354,Machine Learning Techniques,Machine Learning,Advanced,This Advanced course teaches Machine Learning concepts and practical skills.,CRS00329
CRS00355,Mastering Data Science,Data Science,Advanced,This Advanced course teaches Data Science concepts and practical skills.,CRS00333
CRS00356,Advanced DevOps,DevOps,Advanced,This Advanced course teaches DevOps concepts and practical skills.,CRS00318
CRS00357,Mastering Machine Learning,Machine Learning,Advanced,This Advanced course teaches Machine Learning concepts and practical skills.,CRS00329
CRS00358,Advanced Artificial Intelligence,Artificial Intelligence,Advanced,This Advanced course teaches Artificial Intelligence concepts and practical skills.,CRS00324
CRS00359,Advanced Cybersecurity,Cybersecurity,Advanced,This Advanced course teaches Cybersecurity concepts and practical skills.,CRS00334
CRS00360,Software Development Techniques,Software Development,Advanced,This Advanced course teaches Software Development concepts and practical skills.,CRS00335
CRS00361,Mastering DevOps,DevOps,Advanced,This Advanced course teaches DevOps concepts and practical skills.,CRS00318
CRS00362,Mastering Cybersecurity,Cybersecurity,Advanced,This Advanced course teaches Cybersecurity concepts and practical skills.,CRS00334
CRS00363,Mastering Artificial Intelligence,Artificial Intelligence,Advanced,This Advanced course teaches Artificial Intelligence concepts and practical skills.,CRS00324
CRS00364,Deep Learning Techniques,Deep Learning,Advanced,This Advanced course teaches Deep Learning concepts and practical skills.,CRS00332
CRS00365,Advanced Software Development,Software Development,Advanced,This Advanced course teaches Software Development concepts and practical skills.,CRS00335
CRS00366,Web Development Techniques,Web Development,Advanced,This Advanced course teaches Web Development concepts and practical skills.,CRS00310
CRS00367,Advanced DevOps,DevOps,Advanced,This Advanced course teaches DevOps concepts and practical skills.,CRS00318
CRS00368,Advanced Data Science,Data Science,Advanced,This Advanced course teaches Data Science concepts and practical skills.,CRS00333
CRS00369,Mastering DevOps,DevOps,Advanced,This Advanced course teaches DevOps concepts and practical skills.,CRS00318
CRS00370,Advanced Deep Learning,Deep Learning,Advanced,This Advanced course teaches Deep Learning concepts and practical skills.,CRS00332
CRS00371,Mastering Data Science,Data Science,Advanced,This Advanced course teaches Data Science concepts and practical skills.,CRS00333
CRS00372,Advanced Python,Python,Advanced,This Advanced course teaches Python concepts and practical skills.,CRS00313
CRS00373,Advanced Deep Learning,Deep Learning,Advanced,This Advanced course teaches Deep Learning concepts and practical skills.,CRS00332
CRS00374,Python Techniques,Python,Advanced,This Advanced course teaches Python concepts and practical skills.,CRS00313
CRS00375,Mastering SQL,SQL,Advanced,This Advanced course teaches SQL concepts and practical skills.,CRS00330
CRS00376,Software Development Techniques,Software Development,Advanced,This Advanced course teaches Software Development concepts and practical skills.,CRS00335
CRS00377,Mastering Data Science,Data Science,Advanced,This Advanced course teaches Data Science concepts and practical skills.,CRS00333
CRS00378,Advanced Deep Learning,Deep Learning,Advanced,This Advanced course teaches Deep Learning concepts and practical skills.,CRS00332
CRS00379,Advanced Data Science,Data Science,Advanced,This Advanced course teaches Data Science concepts and practical skills.,CRS00333
CRS00380,Mastering Machine Learning,Machine Learning,Advanced,This Advanced course teaches Machine Learning concepts and practical skills.,CRS00329
CRS00381,Python Techniques,Python,Advanced,This Advanced course teaches Python concepts and practical skills.,CRS00313
CRS00382,Data Science Techniques,Data Science,Advanced,This Advanced course teaches Data Science concepts and practical skills.,CRS00333
CRS00383,Mastering Deep Learning,Deep Learning,Advanced,This Advanced course teaches Deep Learning concepts and practical skills.,CRS00332
CRS00384,Mastering Cybersecurity,Cybersecurity,Advanced,This Advanced course teaches Cybersecurity concepts and practical skills.,CRS00334
CRS00385,Advanced Data Analytics,Data Analytics,Advanced,This Advanced course teaches Data Analytics concepts and practical skills.,CRS00328
CRS00386,Advanced DevOps,DevOps,Advanced,This Advanced course teaches DevOps concepts and practical skills.,CRS00318
CRS00387,Data Science Techniques,Data Science,Advanced,This Advanced course teaches Data Science concepts and practical skills.,CRS00333
CRS00388,Mastering Cloud Computing,Cloud Computing,Advanced,This Advanced course teaches Cloud Computing concepts and practical skills.,CRS00294
CRS00389,Advanced Data Science,Data Science,Advanced,This Advanced course teaches Data Science concepts and practical skills.,CRS00333
CRS00390,Advanced Artificial Intelligence,Artificial Intelligence,Advanced,This Advanced course teaches Artificial Intelligence concepts and practical skills.,CRS00324
CRS00391,Cloud Computing Techniques,Cloud Computing,Advanced,This Advanced course teaches Cloud Computing concepts and practical skills.,CRS00294
CRS00392,Deep Learning Techniques,Deep Learning,Advanced,This Advanced course teaches Deep Learning concepts and practical skills.,CRS00332
CRS00393,Web Development Techniques,Web Development,Advanced,This Advanced course teaches Web Development concepts and practical skills.,CRS00310
CRS00394,Advanced Software Development,Software Development,Advanced,This Advanced course teaches Software Development concepts and practical skills.,CRS00335
CRS00395,Advanced DevOps,DevOps,Advanced,This Advanced course teaches DevOps concepts and practical skills.,CRS00318
CRS00396,Advanced Deep Learning,Deep Learning,Advanced,This Advanced course teaches Deep Learning concepts and practical skills.,CRS00332
CRS00397,Mastering Data Science,Data Science,Advanced,This Advanced course teaches Data Science concepts and practical skills.,CRS00333
CRS00398,Mastering Software Development,Software Development,Advanced,This Advanced course teaches Software Development concepts and practical skills.,CRS00335
CRS00399,Advanced Cloud Computing,Cloud Computing,Advanced,This Advanced course teaches Cloud Computing concepts and practical skills.,CRS00294
CRS00400,Advanced Deep Learning,Deep Learning,Advanced,This Advanced course teaches Deep Learning concepts and practical skills.,CRS00332
CRS00401,Machine Learning Techniques,Machine Learning,Advanced,This Advanced course teaches Machine Learning concepts and practical skills.,CRS00329
CRS00402,Mastering Deep Learning,Deep Learning,Advanced,This Advanced course teaches Deep Learning concepts and practical skills.,CRS00332
CRS00403,Mastering Artificial Intelligence,Artificial Intelligence,Advanced,This Advanced course teaches Artificial Intelligence concepts and practical skills.,CRS00324
CRS00404,Mastering Cybersecurity,Cybersecurity,Advanced,This Advanced course teaches Cybersecurity concepts and practical skills.,CRS00334
CRS00405,Cloud Computing Techniques,Cloud Computing,Advanced,This Advanced course teaches Cloud Computing concepts and practical skills.,CRS00294
CRS00406,Artificial Intelligence Techniques,Artificial Intelligence,Advanced,This Advanced course teaches Artificial Intelligence concepts and practical skills.,CRS00324
CRS00407,Advanced SQL,SQL,Advanced,This Advanced course teaches SQL concepts and practical skills.,CRS00330
CRS00408,Advanced Machine Learning,Machine Learning,Advanced,This Advanced course teaches Machine Learning concepts and practical skills.,CRS00329
CRS00409,DevOps Techniques,DevOps,Advanced,This Advanced course teaches DevOps concepts and practical skills.,CRS00318
CRS00410,Advanced Python,Python,Advanced,This Advanced course teaches Python concepts and practical skills.,CRS00313
CRS00411,Software Development Techniques,Software Development,Advanced,This Advanced course teaches Software Development concepts and practical skills.,CRS00335
CRS00412,Advanced Web Development,Web Development,Advanced,This Advanced course teaches Web Development concepts and practical skills.,CRS00310
CRS00413,Artificial Intelligence Techniques,Artificial Intelligence,Advanced,This Advanced course teaches Artificial Intelligence concepts and practical skills.,CRS00324
CRS00414,Machine Learning Techniques,Machine Learning,Advanced,This Advanced course teaches Machine Learning concepts and practical skills.,CRS00329
CRS00415,Data Analytics Techniques,Data Analytics,Advanced,This Advanced course teaches Data Analytics concepts and practical skills.,CRS00328
CRS00416,SQL Techniques,SQL,Advanced,This Advanced course teaches SQL concepts and practical skills.,CRS00330
CRS00417,Advanced Web Development,Web Development,Advanced,This Advanced course teaches Web Development concepts and practical skills.,CRS00310
CRS00418,Python Techniques,Python,Advanced,This Advanced course teaches Python concepts and practical skills.,CRS00313
CRS00419,Advanced Data Analytics,Data Analytics,Advanced,This Advanced course teaches Data Analytics concepts and practical skills.,CRS00328
CRS00420,Advanced Artificial Intelligence,Artificial Intelligence,Advanced,This Advanced course teaches Artificial Intelligence concepts and practical skills.,CRS00324
CRS00421,Advanced Data Analytics,Data Analytics,Advanced,This Advanced course teaches Data Analytics concepts and practical skills.,CRS00328
CRS00422,Advanced Machine Learning,Machine Learning,Advanced,This Advanced course teaches Machine Learning concepts and practical skills.,CRS00329
CRS00423,Mastering Machine Learning,Machine Learning,Advanced,This Advanced course teaches Machine Learning concepts and practical skills.,CRS00329
CRS00424,Web Development Techniques,Web Development,Advanced,This Advanced course teaches Web Development concepts and practical skills.,CRS00310
CRS00425,Mastering Cloud Computing,Cloud Computing,Advanced,This Advanced course teaches Cloud Computing concepts and practical skills.,CRS00294
CRS00426,Data Analytics Techniques,Data Analytics,Advanced,This Advanced course teaches Data Analytics concepts and practical skills.,CRS00328
CRS00427,Advanced Cybersecurity,Cybersecurity,Advanced,This Advanced course teaches Cybersecurity concepts and practical skills.,CRS00334
CRS00428,Cloud Computing Techniques,Cloud Computing,Advanced,This Advanced course teaches Cloud Computing concepts and practical skills.,CRS00294
CRS00429,Python Techniques,Python,Advanced,This Advanced course teaches Python concepts and practical skills.,CRS00313
CRS00430,Cloud Computing Techniques,Cloud Computing,Advanced,This Advanced course teaches Cloud Computing concepts and practical skills.,CRS00294
CRS00431,Machine Learning Techniques,Machine Learning,Advanced,This Advanced course teaches Machine Learning concepts and practical skills.,CRS00329
CRS00432,Advanced Deep Learning,Deep Learning,Advanced,This Advanced course teaches Deep Learning concepts and practical skills.,CRS00332
CRS00433,Advanced Deep Learning,Deep Learning,Advanced,This Advanced course teaches Deep Learning concepts and practical skills.,CRS00332
CRS00434,DevOps Techniques,DevOps,Advanced,This Advanced course teaches DevOps concepts and practical skills.,CRS00318
CRS00435,Mastering SQL,SQL,Advanced,This Advanced course teaches SQL concepts and practical skills.,CRS00330
CRS00436,Advanced Artificial Intelligence,Artificial Intelligence,Advanced,This Advanced course teaches Artificial Intelligence concepts and practical skills.,CRS00324
CRS00437,Mastering Data Science,Data Science,Advanced,This Advanced course teaches Data Science concepts and practical skills.,CRS00333
CRS00438,Advanced Data Analytics,Data Analytics,Advanced,This Advanced course teaches Data Analytics concepts and practical skills.,CRS00328
CRS00439,Advanced Web Development,Web Development,Advanced,This Advanced course teaches Web Development concepts and practical skills.,CRS00310
CRS00440,Advanced Machine Learning,Machine Learning,Advanced,This Advanced course teaches Machine Learning concepts and practical skills.,CRS00329
CRS00441,Advanced Machine Learning,Machine Learning,Advanced,This Advanced course teaches Machine Learning concepts and practical skills.,CRS00329
CRS00442,Machine Learning Techniques,Machine Learning,Advanced,This Advanced course teaches Machine Learning concepts and practical skills.,CRS00329
CRS00443,Mastering Cybersecurity,Cybersecurity,Advanced,This Advanced course teaches Cybersecurity concepts and practical skills.,CRS00334
CRS00444,Mastering Artificial Intelligence,Artificial Intelligence,Advanced,This Advanced course teaches Artificial Intelligence concepts and practical skills.,CRS00324
CRS00445,Software Development Techniques,Software Development,Advanced,This Advanced course teaches Software Development concepts and practical skills.,CRS00335
CRS00446,Mastering Cybersecurity,Cybersecurity,Advanced,This Advanced course teaches Cybersecurity concepts and practical skills.,CRS00334
CRS00447,Mastering Deep Learning,Deep Learning,Advanced,This Advanced course teaches Deep Learning concepts and practical skills.,CRS00332
CRS00448,Mastering Deep Learning,Deep Learning,Advanced,This Advanced course teaches Deep Learning concepts and practical skills.,CRS00332
CRS00449,Mastering Python,Python,Advanced,This Advanced course teaches Python concepts and practical skills.,CRS00313
CRS00450,Mastering Data Analytics,Data Analytics,Advanced,This Advanced course teaches Data Analytics concepts and practical skills.,CRS00328
CRS00451,Artificial Intelligence Techniques,Artificial Intelligence,Advanced,This Advanced course teaches Artificial Intelligence concepts and practical skills.,CRS00324
CRS00452,Advanced Software Development,Software Development,Advanced,This Advanced course teaches Software Development concepts and practical skills.,CRS00335
CRS00453,Software Development Techniques,Software Development,Advanced,This Advanced course teaches Software Development concepts and practical skills.,CRS00335
CRS00454,Mastering Python,Python,Advanced,This Advanced course teaches Python concepts and practical skills.,CRS00313
CRS00455,Mastering Cloud Computing,Cloud Computing,Advanced,This Advanced course teaches Cloud Computing concepts and practical skills.,CRS00294
CRS00456,Mastering DevOps,DevOps,Advanced,This Advanced course teaches DevOps concepts and practical skills.,CRS00318
CRS00457,Mastering SQL,SQL,Advanced,This Advanced course teaches SQL concepts and practical skills.,CRS00330
CRS00458,Mastering Data Analytics,Data Analytics,Advanced,This Advanced course teaches Data Analytics concepts and practical skills.,CRS00328
CRS00459,Mastering Data Science,Data Science,Advanced,This Advanced course teaches Data Science concepts and practical skills.,CRS00333
CRS00460,Advanced Deep Learning,Deep Learning,Advanced,This Advanced course teaches Deep Learning concepts and practical skills.,CRS00332
CRS00461,Mastering DevOps,DevOps,Advanced,This Advanced course teaches DevOps concepts and practical skills.,CRS00318
CRS00462,Mastering Data Science,Data Science,Advanced,This Advanced course teaches Data Science concepts and practical skills.,CRS00333
CRS00463,Mastering Web Development,Web Development,Advanced,This Advanced course teaches Web Development concepts and practical skills.,CRS00310
CRS00464,Python Techniques,Python,Advanced,This Advanced course teaches Python concepts and practical skills.,CRS00313
CRS00465,Web Development Techniques,Web Development,Advanced,This Advanced course teaches Web Development concepts and practical skills.,CRS00310
CRS00466,Advanced Deep Learning,Deep Learning,Advanced,This Advanced course teaches Deep Learning concepts and practical skills.,CRS00332
CRS00467,Advanced Python,Python,Advanced,This Advanced course teaches Python concepts and practical skills.,CRS00313
CRS00468,Advanced Data Analytics,Data Analytics,Advanced,This Advanced course teaches Data Analytics concepts and practical skills.,CRS00328
CRS00469,Mastering Cybersecurity,Cybersecurity,Advanced,This Advanced course teaches Cybersecurity concepts and practical skills.,CRS00334
CRS00470,Mastering Data Analytics,Data Analytics,Advanced,This Advanced course teaches Data Analytics concepts and practical skills.,CRS00328
CRS00471,SQL Techniques,SQL,Advanced,This Advanced course teaches SQL concepts and practical skills.,CRS00330
CRS00472,Mastering Data Analytics,Data Analytics,Advanced,This Advanced course teaches Data Analytics concepts and practical skills.,CRS00328
CRS00473,Mastering Data Science,Data Science,Advanced,This Advanced course teaches Data Science concepts and practical skills.,CRS00333
CRS00474,Web Development Techniques,Web Development,Advanced,This Advanced course teaches Web Development concepts and practical skills.,CRS00310
CRS00475,Artificial Intelligence Techniques,Artificial Intelligence,Advanced,This Advanced course teaches Artificial Intelligence concepts and practical skills.,CRS00324
CRS00476,Advanced DevOps,DevOps,Advanced,This Advanced course teaches DevOps concepts and practical skills.,CRS00318
CRS00477,Web Development Techniques,Web Development,Advanced,This Advanced course teaches Web Development concepts and practical skills.,CRS00310
CRS00478,Mastering Cybersecurity,Cybersecurity,Advanced,This Advanced course teaches Cybersecurity concepts and practical skills.,CRS00334
CRS00479,Advanced Web Development,Web Development,Advanced,This Advanced course teaches Web Development concepts and practical skills.,CRS00310
CRS00480,Data Science Techniques,Data Science,Advanced,This Advanced course teaches Data Science concepts and practical skills.,CRS00333
CRS00481,Mastering Software Development,Software Development,Advanced,This Advanced course teaches Software Development concepts and practical skills.,CRS00335
CRS00482,Deep Learning Techniques,Deep Learning,Advanced,This Advanced course teaches Deep Learning concepts and practical skills.,CRS00332
CRS00483,Mastering Machine Learning,Machine Learning,Advanced,This Advanced course teaches Machine Learning concepts and practical skills.,CRS00329
CRS00484,Mastering Data Analytics,Data Analytics,Advanced,This Advanced course teaches Data Analytics concepts and practical skills.,CRS00328
CRS00485,Cloud Computing Techniques,Cloud Computing,Advanced,This Advanced course teaches Cloud Computing concepts and practical skills.,CRS00294
CRS00486,Mastering Web Development,Web Development,Advanced,This Advanced course teaches Web Development concepts and practical skills.,CRS00310
CRS00487,Advanced Deep Learning,Deep Learning,Advanced,This Advanced course teaches Deep Learning concepts and practical skills.,CRS00332
CRS00488,Mastering SQL,SQL,Advanced,This Advanced course teaches SQL concepts and practical skills.,CRS00330
CRS00489,Machine Learning Techniques,Machine Learning,Advanced,This Advanced course teaches Machine Learning concepts and practical skills.,CRS00329
CRS00490,Mastering Cybersecurity,Cybersecurity,Advanced,This Advanced course teaches Cybersecurity concepts and practical skills.,CRS00334
CRS00491,Mastering Web Development,Web Development,Advanced,This Advanced course teaches Web Development concepts and practical skills.,CRS00310
CRS00492,SQL Techniques,SQL,Advanced,This Advanced course teaches SQL concepts and practical skills.,CRS00330
CRS00493,Machine Learning Techniques,Machine Learning,Advanced,This Advanced course teaches Machine Learning concepts and practical skills.,CRS00329
CRS00494,Artificial Intelligence Techniques,Artificial Intelligence,Advanced,This Advanced course teaches Artificial Intelligence concepts and practical skills.,CRS00324
CRS00495,Advanced Web Development,Web Development,Advanced,This Advanced course teaches Web Development concepts and practical skills.,CRS00310
CRS00496,Data Analytics Techniques,Data Analytics,Advanced,This Advanced course teaches Data Analytics concepts and practical skills.,CRS00328
CRS00497,Mastering Data Science,Data Science,Advanced,This Advanced course teaches Data Science concepts and practical skills.,CRS00333
CRS00498,Advanced Web Development,Web Development,Advanced,This Advanced course teaches Web Development concepts and practical skills.,CRS00310
CRS00499,Advanced Artificial Intelligence,Artificial Intelligence,Advanced,This Advanced course teaches Artificial Intelligence concepts and practical skills.,CRS00324
CRS00500,Mastering Artificial Intelligence,Artificial Intelligence,Advanced,This Advanced course teaches Artificial Intelligence concepts and practical skills.,CRS00324
